id,line,context,flags,stroke_width,h_alif,h_lam1,h_lam2,slant_alif,slant_lam1,slant_lam2,alif_gap,lam_spacing,tail_length,ha_height,ha_loop_width,model_overlap,model_outline_dist_px
A,2,عند الله,,5.44,46.75,46.39,47.86,30.77,24.06,19.45,24.61,14.04,26.88,13.50,19.00,0.665,0.93
B,6,واتقوا الله,,5.47,44.20,41.40,41.43,34.92,26.46,23.84,23.37,17.95,22.18,12.50,16.00,0.745,0.72
C,7,الله (line start),,5.98,42.85,40.45,41.68,31.91,22.85,25.50,26.06,19.20,23.70,12.00,17.00,0.765,0.68
D,7,والله,,5.47,43.47,43.07,38.11,36.48,25.48,29.10,22.07,18.68,24.16,11.50,17.00,0.713,0.82
E,9,وليتق الله,,5.47,41.76,41.25,40.67,37.93,25.19,27.04,23.60,23.12,30.46,9.50,22.00,0.680,1.00
F,11,(وا)لله — word split across lines 10/11,no_alif;split_word,5.47,,51.34,43.42,,28.21,27.54,,21.29,23.10,12.50,17.00,0.805,0.57
G,11,لله ما,no_alif;ha_touches_next,5.46,,38.13,43.06,,26.58,21.05,,16.06,37.67,11.27,27.00,0.642,1.02
H,13,به الله,touches_line_above,5.47,40.34,34.30,48.56,36.36,25.67,34.51,24.77,23.48,14.91,14.50,11.00,0.635,1.04
I,14,الله على (line start),,5.46,42.96,39.46,41.91,33.72,25.36,22.71,22.71,19.11,24.72,11.50,18.00,0.745,0.71
J,15,بالله,alif_joined,5.46,47.24,40.55,37.05,37.10,26.91,30.18,23.44,20.63,22.26,12.50,16.00,0.680,0.87
K,17,يكلف الله (line end),line_end,5.09,36.49,35.36,28.92,35.05,21.55,22.88,20.63,18.51,22.51,13.50,16.00,0.633,0.87
